code,101,102,103,104,105,106,107,108,109,110,111,112
65000170008,1055,1297,1377,912,1404,1248,2061,2423,2781,2123,1853,2229
65000100008,984,1811,1392,2232,1902,1625,2356,2392,2303,2074,2045,2127
65000170007,1759,1898,1382,1184,1223,1250,1602,1624,1947,932,1128,1852
65000060052,66,-7,-397,-88,1,-4,-28,-44,41,132,969,1641
65000010031,21,-100,-11,26,25,-62,-38,-118,189,962,943,1562
65000020095,14,10,-55,8,-35,-16,-38,-33,-16,433,601,1348
65000100042,460,306,297,192,240,862,740,1070,897,631,657,934
65000150018,337,282,410,489,692,691,1005,1258,901,437,569,930
65000050053,61,82,164,140,317,312,514,862,905,636,755,744
65000050064,53,202,333,594,509,556,470,596,473,736,376,741
65000130009,-47,-87,-38,35,82,51,110,17,282,-10,45,720
65000130003,74,68,-94,-45,11,10,108,553,454,468,922,683
65000100033,5,46,150,246,78,147,194,134,158,25,117,662
65000130007,25,-13,20,20,-47,-10,-46,109,550,436,813,605
65000100021,567,558,506,288,134,252,107,519,131,27,-49,603
65000050005,214,330,461,242,188,163,131,218,385,167,26,593
65000080010,251,181,97,-97,58,198,402,447,426,305,7,564
65000010010,-83,-110,1,-38,-72,-28,21,51,683,684,1089,559
65000030001,10,-6,178,252,193,247,277,483,600,1006,1108,529
65000070024,1191,741,703,337,447,296,323,219,265,-116,30,502
65000050002,279,817,843,772,602,635,383,337,560,637,390,473
65000160012,5,171,513,342,89,136,87,65,-50,-351,133,422
65000100020,163,208,138,52,71,217,293,434,301,205,253,393
65000020004,-358,-14,-24,-8,-34,18,-57,10,21,25,420,372
65000060060,343,360,75,223,139,91,260,289,139,127,217,370
65000170003,363,557,240,339,313,205,479,713,255,348,312,364
65000230007,-16,96,198,59,123,52,68,-121,62,277,341,336
65000070026,375,419,265,202,300,172,252,111,133,119,48,331
65000090027,1558,1358,807,660,732,478,489,299,269,-164,13,324
65000100035,63,177,297,283,600,437,213,200,348,138,239,317
65000010033,33,-12,-45,-33,5,-67,102,233,285,35,-36,311
65000020043,4,-45,-14,-3,-1,-15,19,-59,-57,-50,-28,289
65000060018,28,-3,-52,-20,126,-53,-9,-66,-81,6,-37,285
65000130031,31,-23,10,-84,-30,-12,-76,-19,-38,-67,-59,273
65000110021,-14,-3,-74,1,7,47,3,23,62,-33,-27,271
65000050015,330,221,149,147,13,760,360,393,372,129,538,264
65000230004,61,9,48,75,-3,35,59,80,73,129,357,263
65000030049,106,218,26,114,69,21,129,-1,40,-108,-11,262
65000010087,272,84,40,-37,133,339,229,153,144,-56,-47,259
65000020105,256,272,105,80,64,29,141,165,47,-81,183,259
65000110039,38,141,87,51,35,29,17,190,262,175,110,258
65000040062,281,49,69,-30,-58,-117,-60,94,216,-173,25,256
65000170016,-110,153,134,48,3,118,33,-19,0,-20,-74,248
65000060040,-73,115,777,250,191,374,249,95,12,-32,72,246
65000050052,100,55,66,-9,9,4,190,178,135,107,170,243
65000110043,76,81,28,28,146,51,-16,153,78,-82,-63,235
65000010020,-104,-47,-155,-41,-61,-31,-37,-1,7,-71,-30,233
65000050075,28,40,81,-65,-58,41,-52,93,283,93,205,232
65000020007,-175,57,23,37,132,30,-50,44,181,21,614,231
65000030047,198,-13,55,71,-23,-95,-52,24,-26,-90,281,231
65000020006,7,-19,-5,-5,-20,-14,-5,-12,-1,-3,124,227
65000010041,29,-76,32,60,-12,13,49,283,262,9,264,223
65000130032,47,-19,-46,-47,-20,-1,-61,5,17,199,215,218
65000060054,60,-8,-15,71,31,-2,13,110,-3,-126,-83,213
65000100012,1079,1067,646,660,601,254,188,158,393,50,144,212
65000020108,441,256,238,189,408,328,342,277,220,162,215,206
65000060037,4,-118,-50,8,-2221,-48,-58,-58,-61,2263,21,203
65000050076,316,190,50,211,30,142,109,374,410,321,270,202
65000110036,18,-64,35,-2,54,-51,30,26,71,-2,46,198
65000040003,-89,-66,-68,-6,-27,-64,-17,282,-188,-169,-105,197
65000130021,131,-10,18,-36,45,-66,-79,69,24,-34,-72,195
65000140001,419,385,307,422,332,496,418,478,328,188,131,191
65000150006,1,80,71,179,311,160,230,268,387,800,622,187
65000050036,159,94,84,81,61,9,10,130,166,-20,-12,185
65000060016,63,16,116,39,131,539,435,555,489,220,31,185
65000060032,33,-18,100,-2,14,14,24,1,174,4,11,185
65000170005,60,-27,95,209,185,177,119,228,193,149,380,184
65000100009,208,181,-11,-42,5,93,107,6,59,64,53,179
65000050050,508,524,410,163,110,152,415,406,375,118,67,178
65000060041,-33,40,-49,-93,27,105,172,170,71,-158,-99,176
65000080015,-10,23,33,-96,-143,-112,82,369,442,541,687,168
65000100039,113,128,52,89,-6,78,4,94,118,52,42,166
65000010070,241,225,175,36,80,11,37,151,-4,-124,14,165
65000130037,52,18,-5,26,-27,-12,13,-51,-67,-5,-83,164
65000030065,-6,28,-3,-13,-46,-47,-73,-45,17,-48,-55,162
65000050048,352,280,157,167,151,223,229,212,261,209,110,162
65000060055,63,123,34,18,-23,22,-61,28,-33,-33,-79,160
65000230003,92,-14,109,40,88,37,143,251,64,65,-32,158
65000230002,123,82,139,17,24,43,50,47,-6,-15,107,157
65000110049,105,52,50,105,55,67,-25,75,48,-9,59,155
65000130025,27,-2,-14,68,188,49,49,52,26,-25,-8,151
65000060038,-76,4,-41,-26,-2,-63,-63,-34,-28,-156,-119,150
65000160006,-46,-17,-27,-44,-16,-22,-32,37,-23,-57,-80,150
65000060045,-40,398,243,3,47,8,-30,37,-41,-87,95,148
65000110030,54,74,91,23,222,217,95,134,56,-123,-36,143
65000050065,-68,40,46,-94,-25,-71,-40,-23,-27,-72,-63,142
65000060069,70,7,-30,-3,81,18,10,104,2,-9,5,141
65000110008,39,4,-45,51,60,53,-28,41,85,-75,-64,140
65000110024,39,34,-17,-8,49,12,48,44,30,-39,-34,138
65000110033,65,-41,48,-3,100,89,26,115,110,50,32,138
65000010057,104,10,-220,-200,-133,48,-6,-28,-143,-182,-82,137
65000110027,75,82,116,95,98,108,119,117,142,58,3,136
65000100017,1,111,-5,39,110,127,42,140,130,-95,-91,134
65000060057,5,57,15,-18,13,-17,-23,-31,3,-118,-108,133
65000110005,-50,-80,25,-11,57,80,-14,127,249,5,354,133
65000110035,32,-2,28,0,3,24,89,19,10,20,27,133
65000150005,18,152,62,97,7,92,2,74,7,40,-58,133
65000030007,29,-21,77,-13,29,-12,-35,35,-18,-68,5,132
65000130024,18,69,108,-93,21,108,6,-24,-7,56,22,132
65000060006,17,-15,142,75,12,1,-4,65,42,-53,-9,131
65000010065,311,131,209,99,73,-20,-58,76,31,-197,-121,130
65000030084,81,45,14,-3,-12,105,59,185,269,264,101,129
65000100038,49,1,1,-34,-15,-30,44,-14,15,45,50,129
65000010095,-12,-20,25,-45,-21,-70,3904,733,199,3,162,128
65000010008,85,63,177,183,50,-146,236,51,414,-30,-97,126
65000010082,154,181,60,33,-25,89,32,38,54,40,-32,126
65000230001,62,293,203,135,141,41,-6,74,-14,-6,20,126
65000130020,5,19,-38,21,77,-32,38,39,-15,-15,-49,122
65000010103,-4,-51,-9,27,6,-42,-38,-30,-81,-27,85,120
65000030031,104,-3,25,23,69,-16,2,38,-37,-140,-65,120
65000030075,-63,-2,-20,-18,-34,-24,-19,12,-108,-82,-38,120
65000060050,-56,352,126,115,65,14,4,137,27,-82,-43,120
65000030025,22,-8,-13,-52,55,5,12,-78,-155,-106,-139,118
65000040031,-122,-101,-18,-26,-68,-49,-34,-29,-62,-132,-51,115
65000100015,92,63,36,-5,35,36,27,7,9,9,28,114
65000170015,67,61,168,92,74,172,32,14,55,-14,-5,113
65000090028,280,199,282,52,172,623,449,289,139,0,-8,112
65000030037,195,320,97,6,37,-16,-4,-5,-36,-118,-92,110
65000040017,-89,43,-43,-35,-38,-71,-64,-20,-13,-58,-116,108
65000100019,124,112,10,35,11,22,70,40,21,-75,29,107
65000030057,91,21,183,198,232,77,53,179,-73,-96,-73,106
65000090004,-50,156,181,136,252,89,59,79,253,126,-57,105
65000170009,0,-30,-32,23,-122,-49,-65,665,566,339,94,105
65000020012,135,34,12,28,-15,-5,-26,106,55,-88,31,104
65000060007,8,-27,-38,-5,-61,-53,-14,-23,12,-160,-124,103
65000130022,50,-33,87,6,66,-12,31,23,37,120,-17,103
65000040056,-48,97,-30,-60,-19,-64,10,12,-30,-122,-53,102
65000060051,-57,82,16,33,1,-30,51,18,-7,-173,-17,102
65000030004,-9,0,-83,-74,-43,-64,-68,-64,-132,-212,-99,101
65000080011,157,58,99,44,74,56,199,0,86,-27,70,99
65000040015,-41,-95,-55,-58,-33,-97,23,-4,-36,-59,-46,98
65000010092,-29,-24,19,337,62,880,1541,281,147,-25,53,97
65000020008,111,5,19,33,-57,-31,25,7,5,58,76,97
65000040025,-26,-55,-24,-23,-48,-21,-32,-66,-69,-102,-62,97
65000160017,302,85,87,138,153,102,37,-23,65,11,34,97
65000100018,4,-35,-24,-1,66,0,-62,-51,134,-128,-83,95
65000110047,41,142,89,-13,62,77,97,17,-18,-53,1,95
65000130023,-16,-19,-63,-24,39,26,8,31,-49,-61,-138,95
65000010024,56,63,-32,47,-2,9,14,101,66,-92,-19,94
65000010028,410,175,70,133,42,55,80,135,-69,-71,-123,94
65000020021,12,-39,259,77,47,48,-29,15,128,18,48,94
65000030029,-19,-9,-122,24,45,-46,-57,31,0,-46,-55,94
65000050016,72,-15,-166,45,-37,46,55,406,260,53,109,94
65000040030,-2,-75,-49,-69,-30,-60,-58,20,-19,-125,-114,93
65000030055,-33,78,-37,-50,-54,108,-38,-42,6,-123,-91,92
65000060008,-9,-18,-76,-22,-93,19,156,122,2,-147,-94,92
65000060030,66,-21,40,-38,36,-91,-6,-22,19,-107,54,91
65000110046,85,41,-12,37,-37,65,9,68,42,7,116,91
65000140006,37,-19,-127,-21,-10,41,-134,-13,2,-46,76,89
65000040004,33,-43,13,-30,-32,13,-37,-7,-91,-84,-47,88
65000050054,-31,-3,-101,-15,-36,74,-10,-29,-39,-51,-107,88
65000110009,-25,-24,62,46,-11,-48,-32,-70,38,-81,-5,88
65000010026,-35,-81,7,-19,-58,-1,77,-2,21,-82,6,87
65000060022,-23,-23,29,-51,4,-35,-17,10,-25,-110,-27,86
65000060068,42,40,35,39,18,74,65,90,23,-61,-9,86
65000100037,108,11,28,2,86,43,35,47,61,-12,-56,86
65000030045,-35,-40,-56,-33,-61,-31,-78,-23,-76,-160,-56,85
65000100011,-73,15,-12,-18,-33,-18,-123,32,-64,-63,-46,85
65000010113,86,266,109,1,31,131,133,176,138,70,-67,83
65000030035,23,-49,-15,-7,54,-55,-13,3,-76,437,30,83
65000060005,-28,-76,-91,-63,-19,38,-100,-16,-28,-106,-43,83
65000060010,11,7,-16,3,20,-12,13,-10,-22,-44,-11,83
65000040011,-66,-13,-113,-83,-73,-54,-42,-48,0,-126,-66,82
65000020093,106,-84,-14,0,56,97,228,67,193,15,21,81
65000040051,-44,-7,-69,-20,8,-6,-32,-47,-49,-65,-68,81
65000010059,-53,-37,-125,-54,-1,7,-1,4,45,-53,5,80
65000030030,-98,1,-38,-63,82,-35,24,-41,13,-136,7,80
65000010044,-10,103,100,75,67,-28,7,109,-48,-200,-16,79
65000030006,-23,7,-37,-72,-62,-55,-53,-38,-56,-70,-31,79
65000060002,-41,-22,-65,-100,23,2,-164,30,7,-103,-26,79
65000060044,21,-113,-25,-14,-34,-80,-163,-49,-105,-117,-109,79
65000100010,45,66,416,218,90,90,85,170,-35,47,-8,79
65000070006,14,60,50,37,11,-38,-113,34,62,-29,-117,78
65000140002,90,-15,51,127,0,184,115,164,48,-2,15,78
65000010007,46,35,0,-52,-47,42,-23,-6,-76,47,-63,77
65000090009,54,242,182,522,227,46,193,183,194,86,111,77
65000010110,52,6,-6,16,-19,-75,-61,-26,-16,-55,-9,76
65000030022,-32,-36,102,241,-2,26,24,14,-92,-132,-123,76
65000010030,36,-11,-12,-43,-38,39,-67,-4,-99,45,-62,75
65000060059,137,92,6,-3,-23,22,24,-58,-118,-42,-34,75
65000060065,45,24,-64,15,-41,-44,20,8,-15,-57,-28,75
65000030027,-60,-6,43,-10,-29,8,-16,-29,-27,-87,-20,74
65000030074,-40,30,48,-23,-3,-14,42,-8,-1,12,37,74
65000040013,38,-11,17,-141,-54,-40,-86,-12,-137,-208,-153,74
65000100032,47,42,23,-12,-90,-66,-31,57,-2,-58,-86,74
65000130008,-71,-24,2,1,102,220,75,67,8,117,124,74
65000060053,-19,27,-24,-7,-5,4,8,-11,346,187,150,73
65000130043,64,27,10,69,-21,-15,45,32,1,-47,344,73
65000030039,238,-15,-6,5,13,-25,120,108,-17,-120,16,72
65000030051,-40,-152,-57,-24,4,174,128,152,70,-14,144,72
65000110048,105,121,31,21,64,10,-61,36,11,18,-15,72
65000150019,87,-7,-28,-36,44,-49,-26,24,14,67,-28,72
65000030023,52,-27,32,5,-63,41,-44,-30,8,-102,17,71
65000040033,-34,11,-32,27,23,-65,-13,-79,-107,11,-25,71
65000060003,9,-29,-74,-40,5,-22,12,-2,-78,-111,-142,71
65000070022,-25,14,-13,1,-3,-33,-4,-67,-1,-64,-11,71
65000110037,-1,-22,17,32,24,57,-39,1,-33,-115,25,71
65000010062,97,9,17,-43,-44,-16,-29,-22,137,95,28,70
65000030009,41,80,22,22,-26,36,-114,-94,-5,-88,-51,70
65000030020,-11,-14,-43,-36,-14,21,-10,9,-9,-139,-30,70
65000030044,86,34,163,91,14,38,-29,109,2,-51,-181,70
65000040018,-48,-45,-65,-38,-102,112,70,36,43,-61,41,70
65000040047,-28,-26,-20,-25,-31,-58,-56,-23,-57,-93,-106,69
65000050072,82,123,-4,-1,6,-17,90,-51,53,45,7,69
65000050077,6,-26,-2,-26,-33,25,-38,7,18,-44,-8,69
65000020057,-36,-44,-16,2,15,33,25,90,89,27,10,68
65000020019,-25,-3,-7,10,-33,48,-42,29,-39,-71,47,67
65000150003,75,53,-1,3,7,-25,35,7,-15,-44,9,67
65000020104,154,128,115,5,16,37,-5,-16,-42,-55,-70,66
65000030073,134,-42,-8,48,25,-16,-27,-15,-81,-74,-37,66
65000140004,31,-70,-50,-71,49,40,77,5,3,-55,-52,66
65000030061,-14,-30,-67,-30,-78,30,18,26,1,87,-33,65
65000060013,139,59,63,2,-11,-36,68,10,-22,-98,39,65
65000110050,101,32,55,89,28,-5,7,21,25,-34,-48,65
65000060035,27,32,47,43,15,-5,-29,2,13,-40,-21,64
65000100023,-29,-84,-95,-12,-30,-110,-28,64,-46,-93,-109,64
65000110007,-5,-60,-84,-23,-8,69,-23,-62,-25,-66,8,64
65000140017,23,-47,-35,34,83,75,-99,-85,-7,-83,33,64
65000010025,-97,-66,-63,-26,10,241,93,117,54,-10,-46,63
65000030081,108,68,49,-67,7,5,35,52,-96,-179,-93,63
65000110003,371,148,-10,122,41,58,35,63,7,-5,-59,63
65000110034,31,66,13,50,6,-7,26,7,1,108,72,63
65000140007,95,107,100,-29,69,-56,-6,31,171,15,-41,63
65000020083,19,-36,-29,14,0,16,-28,-70,-36,-73,-113,62
65000030017,58,20,-23,-1,82,-2,32,-5,-67,-112,-88,62
65000050013,-42,-48,-78,-35,-68,-58,-32,-78,-72,-108,-71,61
65000140030,16,-27,24,-13,36,153,198,342,306,222,17,61
65000230005,-130,20,79,64,31,29,28,264,16,126,50,61
65000020010,162,121,73,275,163,15,31,144,66,-96,-85,60
65000030026,20,-59,-52,49,-5,-10,-112,-54,-68,-67,-38,60
65000050021,30,14,-70,91,8,-28,-72,-67,-76,-81,-162,60
65000010075,10,41,7,-52,-8,-7,-66,62,-54,-77,54,59
65000020011,-37,3,-27,-35,4,-62,-1,15,30,-30,-1,59
65000060009,-61,-37,-95,9,-25,9,-15,-43,21,-71,-30,59
65000110029,105,25,-24,13,60,-3,-83,99,17,27,61,59
65000180001,-24,22,-3,-9,11,-78,-19,49,7,5,-2,59
65000010054,47,-43,-22,-8,7,-55,-37,6,-62,-49,-90,58
65000020117,13,59,75,-61,-60,-53,-11,-27,-26,-59,-1,58
65000040029,-56,-61,-19,-3,-47,21,-24,25,-30,-69,-13,58
65000060047,-11,-25,-59,10,17,-25,-78,-16,-86,-140,-67,58
65000090007,52,94,44,2,71,-11,-27,181,70,20,51,58
65000170004,-5,-3,-48,-48,-57,-2,-95,1,-66,-102,-55,58
65000080004,91,94,74,46,40,0,-5,4,-25,-27,45,57
65000010009,-5,-12,16,-63,-30,-57,-54,-37,-56,243,-43,56
65000040038,-84,-30,-88,-101,-75,-17,-51,0,-31,-173,-44,56
65000130014,52,54,-26,49,-23,-64,-9,-51,-36,-19,-14,56
65000010032,-56,-77,-12,-16,-28,24,-3,34,-11,-66,-37,55
65000010078,126,72,-38,78,39,-71,-9,22,-84,-80,21,55
65000030024,21,-28,-68,-18,-20,3,-39,-2,-17,-128,-135,55
65000030052,50,-9,-73,-31,3,-62,-54,-6,-73,-56,-84,55
65000050083,63,21,11,59,23,-37,36,-8,-42,-64,-123,55
65000060026,26,13,-35,-55,-17,-58,-59,-1,3,-45,22,55
65000060046,-32,-14,41,-30,-19,-63,-21,-7,7,-60,-13,55
65000060058,86,47,6,28,35,7,-25,-3,21,-56,-142,55
65000070036,174,44,11,20,27,33,-24,28,-57,-37,128,55
65000040022,-5,9,-18,-44,-20,-11,-31,-15,-79,-45,-63,53
65000140037,26,-102,18,8,105,-18,24,10,0,-39,-170,53
65000020094,16,50,-31,-40,29,-2,31,-9,-21,-112,-118,52
65000030019,81,4,-29,-54,33,42,56,-36,22,-107,4,52
65000040032,-21,-37,-32,-1,-63,-22,-22,10,-19,-55,-33,52
65000180008,16,-2,23,-14,26,45,19,12,16,-40,39,52
65000020059,-46,-63,-39,118,54,0,-6,-7,-3,51,64,51
65000040053,-54,-23,-2,-4,-14,-23,-6,-15,-74,-64,-17,51
65000040054,-41,-67,-33,-27,-28,-43,-42,5,0,-133,-22,51
65000100036,-88,23,27,-32,-40,19,10,38,-23,-15,-37,50
65000010018,-62,-51,-4,-37,22,-9,-29,-18,-44,-12,6,49
65000010100,-39,31,-5,-5,-14,-36,-15,-13,4,-94,-47,49
65000010101,-41,-23,-19,1,-43,-22,-37,-7,-9,218,-44,49
65000020013,28,-53,44,-33,36,-59,-69,-66,-21,10,-58,49
65000040024,-88,-60,25,13,-15,-13,-24,-8,-28,-66,-60,49
65000040058,-52,27,-13,13,-4,27,13,3,54,-23,-18,49
65000060061,9,-42,5,-39,-46,7,-6,-1,-40,-81,-56,49
65000110025,60,-14,24,57,78,14,13,-32,57,-52,-75,49
65000130002,-2,1,12,-33,16,-10,22,10,6,-27,-25,49
65000010071,-62,-84,15,-35,-22,-38,-7,-27,37,-2,135,48
65000010058,-60,-90,-30,-14,-33,-13,-31,-14,23,-25,-52,47
65000040026,-36,-76,45,-33,-71,-53,-48,0,-87,-119,-95,47
65000040060,-74,-62,-52,-19,-10,-28,-29,-33,7,-53,-12,47
65000050044,28,52,52,14,53,77,21,102,46,-6,-89,47
65000060063,-17,4,16,21,10,-5,-51,-10,6,-60,-18,47
65000010006,38,36,48,-76,-43,-75,-74,-77,-159,-52,-104,46
65000040028,50,66,27,60,31,16,47,47,-36,-23,-37,46
65000080002,-18,-4,48,-140,15,-57,-65,-40,10,-18,-41,45
65000110019,-5,-14,-39,-32,-8,38,98,141,110,267,8,45
65000030048,27,-33,-50,-14,-62,-46,-29,-28,-19,-46,-53,44
65000060027,-13,-7,-14,17,-23,-32,-22,31,21,-71,-34,44
65000110044,-17,-18,-2,-8,23,-3,12,-29,-29,-19,-2,44
65000160009,-39,16,-38,-39,-21,89,-32,37,40,-17,-44,44
65000020040,18,-13,-47,5,-3,6,25,-13,32,105,-15,43
65000020103,-8,-25,-19,-5,23,-35,-73,190,110,-16,4,43
65000030032,55,35,-28,9,-3,410,68,177,54,-46,-44,43
65000040006,-32,-28,-27,-37,-48,-22,-64,-20,-84,-85,-75,43
65000020003,-12,-31,9,-26,-3,19,-12,-45,292,77,-12,42
65000020034,13,-41,-46,8,39,54,-34,-7,11,92,23,42
65000040045,3,-48,-8,-20,-39,-19,-31,20,-30,-61,-81,42
65000060043,-17,-53,-17,-71,-11,-4,-12,-7,14,-72,-45,42
65000010035,-36,-56,-123,-69,1,-55,-20,121,140,-56,-31,41
65000010104,136,42,17,64,47,2,-42,42,-4,-110,-64,41
65000060011,-14,46,-36,8,98,-26,-32,2,-70,-33,-45,41
65000060023,43,53,48,122,146,155,54,13,52,-35,-25,41
65000110041,23,-15,62,-2,43,-3,6,10,4,-21,6,41
65000130015,6,-16,-32,6,19,-30,-22,-28,-11,-32,-32,41
65000010107,-61,2,-9,-33,64,11,-67,-1,13,-48,-22,40
65000050001,-124,-4,-73,-27,-110,30,-21,-63,-92,42,-64,40
65000100041,93,83,75,80,109,12,-21,-25,41,4,-15,40
65000110026,58,29,91,-46,107,158,166,103,104,23,-163,40
65000010084,38,-9,-16,-4,-8,-56,91,16,-52,-97,-47,39
65000020055,-25,13,20,-96,17,25,-28,4,-42,-33,-42,39
65000040007,-53,-88,-43,-56,-27,-21,-12,-12,-70,-43,-49,39
65000100016,21,12,15,7,-6,5,-61,-12,10,-36,-18,39
65000130004,29,-48,77,-25,-2,-52,-1,-32,-40,-19,86,39
65000010042,13,-92,-24,-13,41,-14,-100,-35,-64,-80,-55,38
65000030034,-27,-11,-16,-34,-9,-38,-45,-60,-79,-30,-96,38
65000040048,9,-39,-69,11,-56,-32,-71,-14,31,-61,-27,38
65000110040,3,-66,-10,2,16,-63,47,58,58,100,250,38
65000010074,-34,31,-77,-2,-21,-23,-46,-67,-107,-110,-47,37
65000020039,-43,35,6,6,42,-6,26,66,41,-39,3,37
65000070030,51,35,15,-10,10,-21,-9,-6,-33,-108,-62,37
65000010029,-27,-91,-115,-81,-26,52,115,44,172,-82,-4,36
65000020109,-245,-42,-53,10,-12,-26,-7,100,40,-20,-42,36
65000030043,-21,-20,-64,-28,-17,-33,-47,15,11,49,23,36
65000030078,-66,-31,-14,-82,-53,-27,-80,-7,-60,-90,-52,36
65000060025,84,41,73,33,-3,-29,-8,-70,10,-68,-27,36
65000060064,16,26,169,49,72,99,-4,18,21,-12,-18,36
65000110020,-61,108,93,18,74,138,-16,43,131,80,-48,36
65000130033,20,0,104,-3,-91,0,-64,-13,-55,-66,-60,36
65000030011,-30,20,40,17,23,-19,36,100,79,-8,-69,35
65000030080,-50,-17,9,-73,-16,-73,-62,-45,-41,-122,-59,35
65000030087,-49,-73,-111,-37,-10,-55,14,-13,-79,-80,-28,35
65000110006,60,10,-30,62,46,-31,38,91,-28,-58,-116,35
65000110015,178,146,56,40,36,25,7,88,-12,6,-22,35
65000180002,18,-31,-41,77,24,17,-42,10,22,-30,-7,35
65000030038,-35,-9,-67,-115,-55,-86,-109,-19,-73,-169,-119,34
65000040044,31,-97,49,-38,-5,-44,-53,31,-72,-139,11,34
65000040050,-37,-39,-48,-2,-10,-51,2,-17,-19,-39,-47,34
65000090023,-5,-56,-1,54,105,-27,52,23,-36,-33,-2,34
65000110014,-20,12,14,92,35,60,-20,11,2,-54,9,34
65000010004,2,-50,-26,-32,-7,-37,-11,102,43,13,11,33
65000030010,-57,-41,73,30,7,19,-53,100,-37,-97,-85,33
65000040027,29,-12,-77,-41,33,-13,-33,27,-25,-95,-53,33
65000040042,2,-35,4,-35,-20,-6,-22,-190,200,70,4,33
65000050023,62,-75,-66,-20,18,-17,26,-36,-51,-139,-103,33
65000010061,68,41,-30,52,16,99,72,64,-39,-5,-79,32
65000040005,16,-29,11,-7,30,-22,-10,10,-29,-48,-19,32
65000050073,-28,43,-13,-9,63,105,-40,9,-30,24,-60,32
65000030008,19,-17,44,13,-50,-40,-56,49,-65,-118,-46,31
65000030028,2,-7,-24,10,-1,32,-35,10,-76,-102,-38,31
65000030053,94,14,-12,23,-16,-41,-45,17,-13,-27,43,31
65000060036,-2,-14,-54,9,27,95,23,23,-23,-72,-13,31
65000100022,-20,-35,-40,32,-15,25,47,25,52,-129,-39,31
65000030083,-37,54,25,-56,-72,-96,4,-45,-16,-38,-85,30
65000040016,-47,-66,-84,-98,-57,3,19,-14,-45,-116,-69,30
65000130036,-122,-34,5,-39,-59,-34,18,-41,-69,-39,-26,30
65000170002,114,196,155,99,14,-21,-5,-48,-32,-96,-20,30
65000020098,-11,-13,-24,-13,-47,-20,-42,24,-1,-17,-23,29
65000030092,74,-40,-47,-63,-8,-33,-40,-29,-27,-164,-29,29
65000040002,-39,180,-2,-3,14,-7,30,-34,-5,-77,-48,29
65000110010,-6,2,29,-18,24,-25,-12,-11,13,-2,-3,29
65000110016,1,27,16,2,-24,24,-7,17,12,-45,14,29
65000110032,151,188,29,37,-7,60,23,200,116,30,24,29
65000040059,-11,-68,-4,-74,47,-37,-59,-46,-62,-35,-67,28
65000060031,-1,-24,12,-3,1,-25,-14,5,-5,-8,-40,28
65000080016,45,-30,42,-248,-111,-111,-154,-25,262,371,172,28
65000150009,11,-4,-16,-22,-35,-91,-64,-29,-7,-48,-68,28
65000020025,-10,-34,46,-45,23,-4,-65,-6,-23,-68,-58,27
65000050007,42,39,40,0,1,-106,-47,-8,278,130,-147,27
65000050070,-13,111,22,44,-12,56,-28,-6,-13,-54,2,27
65000070009,-8,-17,18,-44,-57,-33,9,4,-74,-69,-125,27
65000140011,-1,-58,12,-18,4,-3,-69,-54,-84,-80,-77,27
65000160008,-51,-24,3,-83,-12,9,-12,-40,135,-6,-83,27
65000160002,3,29,4,-22,-5,5,-30,13,-92,-53,-22,26
65000210003,8,27,-4,25,-11,7,33,17,4,11,5,26
65000020038,51,35,39,11,-3,-117,3,37,-46,-23,-23,25
65000030002,146,-5,-74,-10,76,-104,-69,-131,28,-93,-92,25
65000040009,-15,14,-15,-22,-14,-9,-41,-2,-6,-36,-15,25
65000070034,-24,-44,38,-70,-107,28,-50,-50,-66,-63,-36,25
65000020086,-88,-41,-12,-11,-33,0,-32,-27,-60,-73,9,24
65000040001,-50,-46,-2,-53,-18,-43,-38,-40,-28,-89,-81,24
65000050041,53,17,30,6,37,-50,14,-82,-21,-36,0,24
65000150016,30,-60,-80,7,54,20,6,43,60,182,12,24
65000010094,6,-36,-35,-26,-80,-114,-111,8,-34,-18,-64,23
65000020014,3,-14,26,-41,41,-9,-75,9,-50,-55,-17,23
65000020063,-57,-5,-46,7,-25,-13,-3,-29,-44,-37,-35,23
65000020067,-14,-8,3,-14,-76,-6,-23,-17,-23,-24,-48,23
65000030070,18,-53,-13,-24,-14,-30,-5,-41,-6,-59,-104,23
65000030085,-27,-43,-47,-83,75,73,-4,-61,-63,-74,-59,23
65000140031,34,-37,-28,-60,4,-40,-63,17,52,-71,-94,23
65000010015,82,82,-47,-12,6,4,14,-41,19,-100,-20,22
65000010115,-34,16,9,-10,14,-39,-28,14,48,-48,-63,22
65000020071,27,16,38,-15,8,-26,-27,-24,-5,-46,-48,22
65000030093,17,-50,-37,-47,-25,-53,-30,3,-44,-53,-19,22
65000090018,-36,63,-7,-17,-34,-17,-22,-40,4,-37,-39,22
65000010002,18,-12,29,-34,12,-9,-3,-18,-28,-40,-22,21
65000020068,-19,-25,0,-37,21,-51,41,-28,-32,-44,-81,21
65000030012,51,-25,-74,-11,-27,3,-6,-9,-50,-72,-47,21
65000060042,30,-53,-82,-32,2235,63,-109,-103,0,-2370,-14,21
65000060062,-66,-34,-43,-50,21,0,-72,-33,-63,-62,-14,21
65000230010,15,17,52,56,15,2,37,19,-14,-8,-42,21
65000010011,-51,30,-15,-47,-6,-14,-27,-19,-18,-125,-142,20
65000020001,9,57,31,-8,-23,-63,-35,47,-50,-116,-82,20
65000020069,-73,-22,-38,-1,-15,-23,-10,-1,-9,-41,7,20
65000030018,-28,-48,-75,-23,41,-12,-44,-50,-30,-80,-59,20
65000030069,-30,-60,95,-13,-5,-14,-57,-25,-57,-74,-60,20
65000040023,-97,-39,-31,-6,-77,15,-3,-18,-48,-101,-53,20
65000050046,-35,-15,-18,-38,62,-48,13,-49,45,-125,-79,20
65000070029,-7,-55,-16,-3,-63,-7,-55,-60,-36,-62,-10,20
65000210009,38,23,32,45,-19,-17,9,-23,-33,-61,2,20
65000290002,4,16,50,6,13,20,11,-12,21,5,-15,20
65000010001,10,-13,-2,-32,6,-10,4,11,36,-37,-25,19
65000010003,6,4,-19,5,-16,9,9,100,56,40,33,19
65000020101,-39,-24,-94,-1,-30,-69,-26,-51,-76,9,-23,19
65000040034,-6,-30,-24,23,-17,-16,-3,7,-15,-134,-5,19
65000050043,171,110,36,153,17,576,110,184,8,-13,-53,19
65000050078,33,23,1,-40,19,-53,27,-12,-38,21,-27,19
65000070028,-2,-3,-29,-3,-22,-4,-6,26,-42,5,-77,19
65000100031,-43,-23,-16,-39,-37,-11,-6,-48,8,-47,-35,19
65000110031,-23,45,-33,-20,1,-1,395,349,156,47,77,19
65000130026,-42,0,13,-48,-4,3,-4,-18,-2,-61,2,19
65000010077,18,89,41,0,-16,-29,58,21,-59,-67,-42,18
65000020045,-62,-65,6,64,-45,-39,-94,15,7,-84,-37,18
65000040036,-25,-65,-4,-35,18,4,-10,-19,45,-71,-39,18
65000070020,175,181,107,25,21,3,-60,146,25,-52,-41,18
65000130046,101,3,8,-23,3,3,-86,50,-85,-126,-71,18
65000010005,-2,-57,-63,2,16,72,20,77,28,-46,-34,17
65000010022,26,-15,-74,-8,-33,-43,-18,-3,12,-99,-17,17
65000020023,-59,21,5,-66,-22,-39,-3,32,-47,5,-7,17
65000020106,-2,-20,-6,-33,-18,12,24,45,5,-31,6,17
65000050027,73,-42,-3,-43,-15,-48,-30,-57,-64,-42,-112,17
65000050063,-23,-37,38,-23,-56,40,9,-8,-46,-81,-107,17
65000080020,-7,-28,75,-25,-41,-14,90,104,53,4,-40,17
65000100005,19,2,54,-28,-3,10,-7,-16,2,-29,37,17
65000110023,-13,3,4,-3,9,-5,15,15,-11,-13,-12,17
65000120034,27,-14,-38,-2,29,6,-3,-17,36,-30,-37,17
65000210006,-14,22,8,29,1,10,-4,-26,-15,-17,-23,17
65000040039,-37,-4,-62,-66,-57,-71,-58,-12,-31,-60,-108,16
65000040052,-8,-16,7,-36,-13,-3,-6,-26,3,-39,-29,16
65000050026,19,-23,80,-38,-6,-16,-39,-238,-132,-48,7,16
65000060048,-47,-75,13,-28,-62,-60,-19,-21,-64,-50,-26,16
65000070017,71,42,-36,-86,-5,13,-8,35,-38,211,64,16
65000080009,-2,-3,-22,121,-48,35,-94,-35,-50,-16,-88,16
65000130012,51,-32,58,-54,13,-68,-23,-73,-56,-164,-143,16
65000140014,-41,-32,2,4,-17,-38,-52,-19,-13,-24,-12,16
65000170012,6,21,42,-36,-25,7,-17,-15,-1,-4,-42,16
65000010014,-26,-5,15,-41,-67,-51,-2,-10,-15,-74,-47,15
65000020002,-338,-48,-34,-51,-21,-29,-19,-17,8,-18,-21,15
65000020037,-36,-25,60,62,42,71,-3,60,28,-8,-14,15
65000020074,31,-11,-18,-56,-19,-16,-5,53,-33,17,-48,15
65000020100,-40,-18,-39,-56,-27,-5,-41,96,-7,-18,-41,15
65000030077,46,-84,-56,-28,-7,-56,24,-3,-22,-42,17,15
65000040061,-29,-5,-43,-50,-77,-25,-15,-61,0,-90,-46,15
65000170017,-108,-37,16,-25,-40,-46,-20,51,-11,-86,-83,15
65000180004,-10,12,13,5,-20,-8,-10,-26,21,-13,-37,15
65000010123,-76,-33,75,-41,-39,-65,-54,-71,-25,-1,-42,14
65000030090,13,-60,-24,-52,-47,-28,-37,-41,-72,-68,-30,14
65000070007,61,30,-9,-22,-36,17,-70,-60,-59,-57,-69,14
65000130006,-23,-54,-42,9,24,-17,-39,-25,-29,-71,-128,14
65000180003,-59,17,5,-10,-1,-38,-8,25,-1,-39,-12,14
65000010021,-20,8,45,-97,-68,-30,-61,-48,72,-60,-19,13
65000050059,-18,15,89,11,-33,-39,-34,34,35,4,-22,13
65000050062,18,36,-53,-9,-52,-124,-29,-69,-99,-56,-79,13
65000050079,41,30,4,-56,-7,-32,-40,-3,-39,11,-36,13
65000090002,49,28,18,1,-4,-2,10,-17,7,-16,-17,13
65000140025,-19,-57,-20,38,16,-9,-38,-57,43,-30,-102,13
65000020031,-1,-27,-24,-7,-26,4,5,3,-30,-39,-17,12
65000020042,20,23,-25,15,105,2,22,-12,2,-57,-55,12
65000050067,1,-28,-15,-59,27,30,-18,-59,-41,-17,-71,12
65000060014,208,157,97,159,69,31,-23,130,5,-94,-6,12
65000070039,-25,-16,-56,41,-35,-33,-3,-6,1,-37,-19,12
65000010056,4,-6,5,-36,21,-64,-7,-2,-67,-56,-30,11
65000020028,11,17,22,-28,42,-6,14,-6,4,-24,-13,11
65000020053,17,14,-35,-34,-9,-33,3,-2,-28,-6,-19,11
65000020061,17,-44,-68,-27,0,-25,-6,-15,-23,-48,-30,11
65000020085,37,-42,1,-28,-13,-26,-13,-58,-41,-49,-50,11
65000030050,35,-6,-30,-34,1,-55,-69,83,112,-109,-48,11
65000030056,-30,-28,-64,-42,-42,16,-38,-4,-51,-42,-60,11
65000030088,35,-3,-6,-4,12,13,41,45,51,33,26,11
65000050042,-15,-2,-13,-58,-19,11,-6,-52,-68,-78,-62,11
65000110012,159,61,49,21,219,109,60,187,66,51,-13,11
65000130044,11,-1,9,26,23,-24,-41,17,13,-61,-48,11
65000010046,8,-34,-40,15,12,-43,-6,1,-86,-139,-73,10
65000030066,-10,-9,-7,6,-60,-111,2,15,-105,-24,-101,10
65000120018,0,-4,-15,-7,-18,-15,-19,-9,-15,-11,-21,10
65000020044,-29,0,11,-18,-8,-28,-83,-52,-8,-86,-114,9
65000020073,-22,107,-74,-26,6,-28,-15,-63,-25,-50,-41,9
65000020092,33,-57,-19,-6,-17,-20,-7,6,-64,-53,-54,9
65000020096,45,59,61,-40,31,56,-74,62,-54,5,-43,9
65000030015,-21,-49,-75,6,-28,-50,-18,9,-39,-109,-86,9
65000070012,-13,-10,21,-5,-21,-26,-17,8,-19,1,-18,9
65000100025,-8,-15,-18,-26,-1,-31,11,-18,9,-49,-23,9
65000150002,-29,-22,-11,-21,4,-28,3,-20,-21,-26,-27,9
65000030072,10,-62,21,-25,41,-44,-11,8,-15,-21,-31,8
65000040043,45,6,-22,19,15,-32,-9,30,-22,-39,-10,8
65000050014,-39,-28,-25,-3,4,-50,-84,-20,-70,-21,-77,8
65000050049,-15,18,-39,2,-16,-27,-23,-5,-62,-38,-59,8
65000110002,-25,-9,18,-26,-15,-8,4,31,24,21,-9,8
65000130030,-48,-16,26,-23,16,-70,-119,-13,-38,-96,-80,8
65000280010,79,31,28,-2,-49,-65,-50,-54,-38,-32,-67,8
65000010053,-31,47,4,65,4,7,16,-11,-23,-37,-27,7
65000040055,-87,-41,-75,-42,15,-12,-24,39,-48,-59,-63,7
65000050019,6,-11,-19,22,-43,7,12,2,-55,-15,-18,7
65000050040,-47,17,-26,-30,-43,-68,-35,-18,-12,-483,-27,7
65000060019,42,-17,48,49,-43,15,-71,-9,-51,-50,-92,7
65000060033,-27,-49,-78,8,-4,22,-43,-43,10,-26,3,7
65000070027,4,1,-40,-27,-12,-16,39,-23,-11,0,-31,7
65000070031,28,20,19,-5,-5,-20,-9,23,-9,-52,-34,7
65000100026,29,-29,4,-24,-44,-11,-17,-11,-16,-23,-16,7
65000110042,61,32,43,27,55,24,-23,31,4,-46,-37,7
65000130045,19,-44,8,-21,-31,-17,-43,9,-10,-52,-20,7
65000210004,17,-20,-6,-10,-19,-13,-56,-39,-18,2,-14,7
65000010023,-6,-63,-22,-79,-63,-14,-69,-41,32,30,-60,6
65000020020,45,121,-60,23,55,33,-17,-12,-76,-91,-70,6
65000020097,-37,-27,10,-76,-9,-14,5,7,-48,-44,-2,6
65000020118,-21,-6,-68,10,2,-75,-66,93,49,-6,47,6
65000030005,-49,-63,-18,12,-17,-60,-30,-68,-81,-85,-90,6
65000030063,-23,-30,42,38,44,-21,-28,-1,26,-35,-62,6
65000040008,-87,-78,-84,-31,17,-50,-70,26,-44,-10,-69,6
65000130005,-8,-12,-16,-11,2,-7,-36,1,41,-73,-29,6
65000130027,23,-44,-61,-86,-97,-64,-79,-71,-35,-126,-145,6
65000140019,65,106,32,-9,-15,61,21,2,37,70,-75,6
65000140035,30,78,145,-28,43,-39,19,39,35,-65,-32,6
65000270008,-1,-2,-1,-13,10,9,-7,-27,-11,-10,-2,6
65000010013,18,-6,-27,-47,8,-36,46,-8,-38,-88,-70,5
65000010060,-43,-56,-54,-21,6,-12,-51,-2,-44,-68,-48,5
65000030021,-10,-37,-45,-22,5,-33,-2,34,6,-93,-73,5
65000040057,32,5,-23,-38,-13,22,-22,-4,-30,-99,-34,5
65000060034,-16,-42,-26,-1,-32,-14,-13,20,8,-22,37,5
65000080001,-8,16,-11,12,-23,16,22,-17,-36,-31,16,5
65000090026,135,-14,57,4,23,-5,2,19,-19,-51,-11,5
65000120015,-5,-1,8,-23,-14,-13,-11,-11,-16,-16,2,5
65000150001,-37,-30,-112,-51,-82,-72,-82,-61,-14,-66,-92,5
65000150012,27,-18,-20,-20,44,9,15,-28,-67,-83,7,5
65000190008,-10,-17,-15,-1,-14,-16,2,-27,-3,-20,-24,5
65000210001,-2,4,-11,-10,-17,-11,-6,2,-10,-9,-3,5
65000020026,-9,-12,-18,-28,-19,-28,33,3,-28,-40,2,4
65000020046,-3,14,-104,-5,-2,14,-21,-13,32,6,-20,4
65000020066,-28,13,-37,-32,27,-41,-54,-29,-6,-34,-17,4
65000020076,-22,-67,-11,-41,16,19,-11,-5,-2,-108,-87,4
65000030016,36,62,-5,-30,-12,-88,-88,17,-52,-43,-77,4
65000030040,52,80,57,-24,-53,-57,8,8,-72,-77,-73,4
65000050010,-7,-23,-36,-36,18,10,-8,-15,1,-57,-10,4
65000050066,10,-11,-25,-85,-5,-51,-37,11,-19,-74,7,4
65000060028,-19,13,-28,23,-25,4,22,11,-3,-26,-33,4
65000110013,11,13,24,8,-29,7,24,-32,-16,-38,-1,4
65000140016,37,20,-89,46,-8,-20,73,-100,-35,-44,-84,4
65000150007,-3,1,-20,-23,-48,-41,14,-60,-31,-26,-58,4
65000180006,26,66,29,-67,28,37,61,-1,-51,63,-64,4
65000020030,7,-5,-34,7,-40,-8,-30,-4,-17,-34,71,3
65000020058,13,-12,-21,5,-10,-1,3,7,-6,-7,-20,3
65000030068,9,-36,-45,21,-53,-57,-65,22,-35,-77,-22,3
65000040019,-12,-5,20,29,-8,-5,-6,-21,-5,-34,-20,3
65000040037,-60,-25,-20,-1,-41,-27,-24,6,-9,0,-28,3
65000050012,-16,29,-31,-35,-6,-15,-46,-3,-43,-31,-41,3
65000050081,10,56,40,-43,-43,34,-44,-30,20,-14,-76,3
65000070040,50,4,55,-4,-3,-19,35,15,-7,-66,-47,3
65000120021,-15,-1,-7,-7,-15,7,-3,1,-6,-6,-4,3
65000130040,-91,81,-61,-19,-38,33,-67,131,150,-39,-111,3
65000140024,30,-73,9,4,-47,41,30,-22,-41,-71,-37,3
65000150011,81,68,16,32,68,66,12,17,-17,-32,19,3
65000160015,-11,20,-37,5,-2,-63,-12,16,-61,-24,-36,3
65000160016,12,15,17,19,-62,10,-63,-34,-69,-22,-20,3
65000290001,24,10,32,19,13,60,78,7,-28,-26,-16,3
65000010045,17,-19,-18,-31,-4,-68,-42,-4,-23,-74,-80,2
65000030054,-24,71,23,-22,25,-3,-13,13,-1,-33,-4,2
65000050022,-72,-43,12,-51,-20,-21,-20,-20,-41,-68,-35,2
65000050060,-13,-72,-25,-61,-89,-6,-53,-3,-109,-94,-95,2
65000070041,-72,6,-50,-28,-74,-32,-38,-11,-17,-48,-12,2
65000080006,14,-18,-14,-6,-6,33,9,12,-18,-14,4,2
65000100013,-62,8,-20,-31,-31,-17,-45,-41,-18,-73,-37,2
65000110038,-35,-30,-37,35,-1,10,13,-1,20,-7,-6,2
65000240008,14,1,-2,-9,-9,2,-4,2,-2,-5,3,2
65000010048,-23,-159,-20,-23,-44,11,-57,43,14,-63,-135,1
65000020062,-7,47,17,1,-10,-5,-25,15,-32,-14,-93,1
65000030071,0,2,-23,-63,-14,18,-19,44,-38,-48,-43,1
65000120032,-5,13,-2,-4,3,5,0,-2,-17,-5,-1,1
65000140015,-61,-28,-94,45,62,37,-61,19,53,-87,-57,1
65000150014,-33,33,65,13,92,43,157,85,112,-25,-23,1
65000250002,-6,-21,-2,-32,-11,-14,-13,-20,-11,-25,-12,1
65000010093,-96,-88,-65,-119,-6,-19,3,-69,-18,-52,-39,0
65000100003,24,-27,-6,8,9,-15,7,-2,-36,-32,-1,0
65000110017,-13,17,3,6,3,6,5,-32,8,-10,9,0
65000120017,2,16,39,-6,-3,-12,2,-20,-5,-1,4,0
65000130011,32,-10,-12,-42,-22,-17,-67,-43,-52,0,-90,0
65000150015,59,8,62,-20,10,-18,18,-9,45,9,-16,0
65000190010,7,-6,37,-15,-14,16,22,-9,4,-8,-15,0
65000230008,0,28,-23,0,13,-11,-22,-5,0,-48,-18,0
65000010067,32,-69,7,-38,-58,-3,33,26,-42,-45,-13,-1
65000010079,28,-3,-38,-101,-10,-3,-100,9,-74,-56,-127,-1
65000030003,-68,-21,16,-14,-49,-38,10,-21,-42,-126,-88,-1
65000030086,-29,-58,-67,-47,50,-22,-60,-15,-37,-70,-98,-1
65000070021,26,-16,14,7,6,67,33,91,42,0,20,-1
65000120026,-6,-16,-11,-21,-4,-2,-7,-8,-5,-18,-9,-1
65000130028,17,-33,-4,-2,-36,-19,-12,-58,-3,-96,-119,-1
65000140026,-4,-20,-6,-42,-2,-11,-42,-44,-21,-20,-41,-1
65000210005,65,10,-1,-50,-87,-76,-103,-57,-55,-3,12,-1
65000250001,-20,-11,15,-2,-22,-17,2,-5,-17,-7,-25,-1
65000270013,-3,-2,2,-11,-5,-5,6,-17,-10,-1,-8,-1
65000010086,115,0,-28,53,-63,-16,3,40,-142,-104,-115,-2
65000030013,15,-24,17,-45,-7,58,-42,-80,-37,-72,-37,-2
65000040010,-8,-1,-18,3,6,-3,-16,-14,-34,-34,-20,-2
65000040046,-47,5,-92,-27,63,-40,35,-7,299,118,58,-2
65000090001,-13,19,9,-27,-6,-2,6,6,5,-15,-3,-2
65000140003,-28,27,38,-47,16,9,79,-5,-27,-50,-58,-2
65000140036,16,-13,13,68,-6,-51,-69,-24,-25,19,-31,-2
65000160003,95,-45,-42,13,-27,25,-5,38,-37,-43,-48,-2
65000290003,11,21,12,15,15,35,25,1,-10,-12,3,-2
65000010089,39,23,-36,-29,-87,-39,-204,39,-65,-176,-94,-3
65000080013,12,4,-26,-18,-14,-14,9,-3,1,6,-5,-3
65000090013,5,-2,1,-6,1,2,-9,-23,-6,4,-33,-3
65000100028,15,-11,-11,-16,-13,3,-14,-27,-14,-16,-23,-3
65000120001,-53,-14,-7,-13,7,15,-7,-6,-15,10,-25,-3
65000140022,73,-19,-56,-92,-34,-45,-63,29,-30,-68,-16,-3
65000140038,-33,-5,-2,11,-5,17,-17,2,-70,-10,-20,-3
65000180007,75,-14,-5,-19,18,3,-15,27,-18,-21,-28,-3
65000010051,16,47,-28,-38,-50,-3,-37,-28,-99,-52,-47,-4
65000010076,11,-13,33,-47,10,18,-18,-17,-42,-101,-37,-4
65000010108,13,-29,-6,-23,-14,4,-32,-59,-53,-14,-53,-4
65000010117,-59,-29,-2,-66,12,-5,-50,1,-20,-30,-36,-4
65000020041,21,0,5,-32,67,-1,8,-5,-23,-66,-40,-4
65000040020,-71,-21,-94,-33,13,-42,-84,-34,-32,-127,-4,-4
65000050057,39,-35,-26,-1,-27,-8,-69,-48,-32,-15,-48,-4
65000050084,-11,6,-36,6,-35,32,19,-18,-57,-51,-45,-4
65000080017,88,31,11,-21,13,-47,-113,30,-1,-62,-71,-4
65000140008,-96,-52,22,27,-31,-26,-90,-39,48,-76,-20,-4
65000190001,-1,-26,-9,5,-13,-9,-5,0,-17,-1,-12,-4
65000250006,-25,-26,5,-80,-60,-62,-61,-54,-51,-70,-41,-4
65000280007,-2,-1,8,-5,-23,3,-13,-17,-3,-6,-34,-4
65000010055,10,0,10,8,-12,-12,36,-1,5,-27,-37,-5
65000020056,-15,-32,-3,28,-1,-33,-3,-8,-58,-87,-67,-5
65000030041,-7,6,-9,-18,-4,-12,-8,-13,-8,0,-5,-5
65000030060,-63,-20,49,-64,-10,20,-60,-27,-32,-47,-24,-5
65000080012,-36,2,-17,-29,-2,-32,-16,-10,-35,-3,-17,-5
65000090015,4,-17,-25,-25,-2,-26,-30,-22,-9,-6,-18,-5
65000090020,-26,12,8,-34,-27,4,-4,-7,-18,-16,-25,-5
65000140013,14,-12,-10,-45,-17,15,-22,-25,-70,30,-36,-5
65000280003,43,30,22,-3,-8,2,-40,-65,-29,-51,-60,-5
65000010064,33,-18,7,30,-19,-52,-23,20,-27,-56,-23,-6
65000020051,22,40,-36,-32,19,-12,-17,-78,-39,-111,-19,-6
65000020072,-24,-56,0,45,-117,-52,39,4,-18,-22,-86,-6
65000020088,-37,18,-2,-51,-67,-30,-14,-5,-72,-144,-47,-6
65000030033,203,52,-12,-35,54,13,119,-5,-7,-66,-50,-6
65000060015,-6,23,-22,-18,-21,-14,-31,-18,-28,-84,-93,-6
65000090003,-64,107,80,49,108,15,-3,35,-23,-50,-7,-6
65000110028,13,28,4,-44,-43,-31,41,31,30,39,-24,-6
65000120003,-1,-10,-12,-14,-14,-28,-14,-52,-16,-9,-18,-6
65000120023,-4,-11,-8,-20,-7,-6,-2,-4,-16,-3,0,-6
65000160013,-29,-4,-19,-32,-36,-16,1,-52,-28,-135,-35,-6
65000170013,4,38,50,4,-25,-16,-12,-42,-33,-18,-15,-6
65000190003,7,-8,-26,-16,-19,-9,-12,-29,-1,-7,-28,-6
65000010096,43,-20,-41,20,-67,-31,-94,-50,-70,-108,-69,-7
65000020033,-9,-44,19,-30,-43,38,67,3,-11,-38,-11,-7
65000030036,-29,-75,251,110,7,-41,32,1,-11,-163,-100,-7
65000030067,236,1,-102,6,-4,-15,31,3,-24,-88,-45,-7
65000050003,-44,-24,5,-21,-22,-26,-33,-30,-11,-142,-35,-7
65000070013,-17,-1,-36,-21,-12,4,-28,40,3,-37,-25,-7
65000080003,20,-51,-14,-86,-102,-66,-65,-62,-11,-96,-122,-7
65000120016,-12,11,-2,-7,-18,-9,-4,-5,-21,-7,37,-7
65000120025,-4,-3,-9,-9,2,-7,-7,-6,-9,-10,1,-7
65000150013,25,-12,12,-36,29,22,54,-31,18,-28,-12,-7
65000190006,-7,-1,3,-5,-18,3,-5,1,0,-6,-20,-7
65000190007,-22,-2,-3,-13,-26,5,-11,-3,1,-21,-9,-7
65000200005,-18,-7,-3,11,2,19,15,-5,-4,-10,-12,-7
65000210010,13,-3,32,-5,-21,4,-12,-24,-6,-3,-27,-7
65000240002,-4,-17,-22,9,-6,-12,-16,-9,-5,10,3,-7
65000290005,9,2,38,-7,-4,5,2,-8,-6,7,8,-7
65000020005,72,-16,-14,3,51,33,0,33,2,-25,-49,-8
65000020047,-40,12,14,13,-16,-8,17,-3,-36,-44,-28,-8
65000060001,35,-15,-38,-69,-3,-84,-11,-86,-99,-89,-73,-8
65000060029,35,35,28,4,16,6,24,-15,-16,-10,-9,-8
65000070016,40,23,-24,-42,-62,-26,-26,-128,3,-64,-130,-8
65000080014,3,19,57,-178,-133,-102,-66,-50,-41,-134,-65,-8
65000110004,12,10,-17,8,-6,12,-5,2,6,-7,-5,-8
65000120020,-4,-3,-12,-7,-9,-11,-9,-10,-12,-7,-5,-8
65000130038,-59,-78,50,-30,-47,29,-50,111,129,-21,40,-8
65000170011,10,95,33,22,-15,-53,-13,-10,2,5,-10,-8
65000190005,2,-19,12,-7,-8,-15,8,-13,-13,-2,-10,-8
65000240001,-3,-11,2,-7,-13,-9,-11,-8,-13,-13,-7,-8
65000240003,-12,-7,5,-7,1,-8,6,-7,-12,-10,0,-8
65000240010,-1,1,26,-9,0,-3,3,0,-15,-9,0,-8
65000270001,-7,0,18,1,-2,-15,-15,-22,-13,-7,-26,-8
65000270012,4,-20,-5,-23,-14,11,-9,-20,0,-13,-13,-8
65000270014,12,2,-9,-10,-10,-11,-3,-8,-9,-14,-25,-8
65000010012,7,-4,5,-50,-34,27,-55,-15,-7,-108,-23,-9
65000010088,53,-24,-42,-55,35,-3,-32,56,9,-14,-52,-9
65000020075,-26,-30,-19,-17,48,-12,-28,-52,1,-43,-18,-9
65000090017,38,-15,48,-21,22,-63,29,-46,-41,-53,-96,-9
65000100001,-18,-21,26,-36,10,0,-22,0,-5,-8,-26,-9
65000100029,-1,-26,-9,-51,-19,-19,-2,-20,-12,-42,-8,-9
65000120024,-7,-2,0,-15,-4,0,-10,-9,-2,-9,12,-9
65000200004,-7,-6,3,9,2,-11,-1,-5,2,-6,-7,-9
65000200006,-3,13,11,0,1,-2,-6,4,-5,0,36,-9
65000200007,-3,-21,0,-23,2,-21,21,29,-12,5,-24,-9
65000270002,0,-12,-8,4,-1,-20,0,-17,11,-46,-26,-9
65000010063,3,-49,-11,55,21,14,52,19,-2,-52,-62,-10
65000010122,-58,-32,-18,-20,-57,-25,-28,-40,-30,-69,-20,-10
65000020024,-13,-11,-18,-3,44,11,-16,-11,-7,-29,-14,-10
65000040041,-36,8,39,-95,-43,-3,-9,-118,89,86,50,-10
65000060067,38,107,45,3,-12,-40,4,-9,-59,-50,-108,-10
65000070042,-39,-2,3,-8,-33,-2,62,-70,46,-45,-52,-10
65000120005,-30,-17,0,-2,-40,-7,-7,2,-31,-24,-38,-10
65000170010,33,-8,-16,-11,-24,-14,-22,-24,7,-23,-13,-10
65000210012,6,-14,-6,-3,-1,-16,-20,-16,-11,-18,-25,-10
65000240007,-9,-7,-5,-5,-20,3,-3,-6,-4,-6,-1,-10
65000250011,-20,5,-26,-9,-18,6,-1,-6,-8,-10,-2,-10
65000260010,-16,-13,-9,-24,-17,-17,-12,-8,-32,-13,-24,-10
65000270006,40,33,59,-51,-16,1,-32,-42,-17,-47,-17,-10
65000270009,11,17,20,-21,-9,-5,28,-31,-17,-3,7,-10
65000280005,-13,11,-27,0,14,3,-6,12,-4,-7,5,-10
65000040014,-12,-42,-48,-6,-49,-7,-58,-104,-21,-72,-92,-11
65000050058,-47,-14,-13,-14,-74,-18,-2,-76,-39,-27,-125,-11
65000050061,103,15,20,-21,-10,-80,-2,-76,-31,-11,-74,-11
65000070037,-49,-28,13,1,0,-12,-29,31,7,40,-45,-11
65000090016,-16,-10,-6,3,7,-15,-25,-29,-26,-25,-20,-11
65000110022,0,24,-22,-47,-25,28,35,37,31,-8,-29,-11
65000120011,-24,-26,-7,-4,-13,-21,13,-15,-32,-12,-17,-11
65000130039,-33,-12,-28,74,-29,12,-48,-23,-2,-5,-64,-11
65000160011,71,56,0,32,14,-18,-36,-50,-54,-33,-73,-11
65000190009,-9,3,-1,-2,8,-1,28,-10,-11,-10,2,-11
65000240004,-22,-16,-15,-9,-18,-4,9,-12,-25,-9,-18,-11
65000240005,-6,-5,-7,-7,-4,-3,-2,-2,18,-13,-14,-11
65000250012,40,73,91,59,39,49,40,41,11,7,-1,-11
65000270003,0,-22,-3,18,3,-20,-12,12,-14,5,-13,-11
65000270007,-19,-33,17,-20,0,-23,-51,-39,-7,-39,-28,-11
65000010072,-19,244,62,61,54,-27,-21,-2,-9,198,-95,-12
65000010073,8,8,-10,-27,-63,-3,-28,44,-37,-6,-81,-12
65000010118,134,42,-4,19,-21,3,-55,-68,0,-22,-20,-12
65000020054,-32,-19,-23,-37,-7,-33,-9,-11,-18,-47,-39,-12
65000030062,98,-57,-49,-56,-2,-23,10,-44,20,-57,-138,-12
65000040035,-54,-87,-15,-33,13,7,-38,-22,-150,-147,-46,-12
65000070015,-47,28,30,-99,-52,-11,-11,-67,-54,-17,-48,-12
65000070038,60,1,-15,-47,24,12,25,32,-39,-97,-3,-12
65000090008,56,325,48,89,148,22,9,-8,-20,-57,-113,-12
65000100030,-12,-9,17,-601,-1,-19,-3,1,-20,-24,14,-12
65000260011,4,-9,23,-52,-22,-29,-15,-8,-30,-25,-34,-12
65000280006,8,13,-19,-1,-6,-22,-6,-7,18,-4,-29,-12
65000010099,58,-8,-56,-55,-31,-26,-59,-16,-43,-63,-145,-13
65000010112,-53,4,-12,-34,-32,-8,11,-37,-83,-47,-70,-13
65000020009,36,39,-16,-6,-8,-18,-2,-6,-96,-103,-53,-13
65000020035,12,-34,-26,-11,-23,27,7,8,-21,-30,-24,-13
65000030076,11,-18,23,-23,-14,-5,18,5,-9,-20,-54,-13
65000100002,-8,13,-10,6,-13,-7,-17,-21,-27,-17,-19,-13
65000100027,-29,-16,-6,-46,-14,-15,-5,-21,-47,-7,-42,-13
65000100034,-96,-13,-54,-28,17,-40,-32,-12,-57,-90,5,-13
65000120002,-22,40,17,18,-35,6,-16,-41,2,-57,-79,-13
65000140020,-1,-9,-36,16,-21,2,-36,-32,-26,11,-80,-13
65000140023,70,-12,-50,-25,10,40,-3,-9,-26,3,-43,-13
65000240009,1,-7,-7,-3,-13,-9,-3,-10,-12,-11,-13,-13
65000260009,-30,-23,-12,4,-4,-18,-21,-17,-9,-1,-29,-13
65000290004,0,12,-3,-11,-12,-12,2,7,6,1,-12,-13
65000010038,-44,12,-52,-53,-56,-25,-42,-26,26,-7,-44,-14
65000020036,-12,-17,-4,-25,-2,-22,-27,-11,-9,10,-63,-14
65000020065,-9,-12,-20,-51,-2,-5,-7,15,-19,-54,-13,-14
65000020078,38,-23,-16,0,-49,20,-44,85,-6,-8,-105,-14
65000050018,-8,42,-121,-13,-26,-87,-79,11,-51,-828,-151,-14
65000100024,-40,-17,-26,-20,-62,8,-21,-4,-32,-21,-4,-14
65000140027,34,12,-13,-29,-96,-28,-63,18,41,-35,-64,-14
65000230006,135,-55,129,27,31,67,35,-10,25,-47,-52,-14
65000250003,-24,-13,-11,-17,-36,-30,1,-33,-20,-18,-17,-14
65000250005,-9,-5,-7,-22,-12,-14,-15,-22,-18,-15,-15,-14
65000260007,-25,19,-63,-47,-37,-3,-29,-45,-17,-19,-35,-14
65000010068,-10,-68,-17,56,-66,-73,-65,21,-38,-145,2,-15
65000020029,-23,-14,-39,-5,-16,17,-43,6,-20,-45,-31,-15
65000020050,-17,-1,9,-44,-20,-15,-23,-13,8,-10,-24,-15
65000020064,-20,-36,-31,-9,-24,-17,-8,-20,-12,10,-13,-15
65000020070,-14,7,-24,25,-23,-32,-44,-38,-26,-50,-36,-15
65000020115,11,77,-109,41,56,-35,-16,-23,-68,-110,-145,-15
65000030082,-42,-10,-50,-75,-49,-23,-22,-35,-25,-4,-31,-15
65000050051,-4,78,36,11,106,21,22,-1,-27,-81,-54,-15
65000050056,-14,24,-25,-4,-39,-45,-53,-12,2,-51,-22,-15
65000060021,20,20,17,-3,2,19,-5,3,2,-27,-8,-15
65000160005,174,85,-10,84,-35,-9,-18,26,-66,-74,-72,-15
65000180005,-4,-17,-7,-5,3,-1,-12,-5,2,-2,-7,-15
65000280002,68,87,26,20,-9,21,2,-7,-26,-19,-30,-15
65000010085,-18,17,-28,-52,-4,-44,-68,-47,-37,-79,3,-16
65000010116,7,-48,-35,-30,-41,-25,-71,-43,-37,-52,-29,-16
65000010121,65,-11,-40,20,-20,0,0,56,47,-44,14,-16
65000020016,8,-23,-50,-2,-69,-39,-78,-51,-24,-56,-68,-16
65000020022,32,-22,-44,-32,34,-33,-28,26,-14,-25,-21,-16
65000020090,13,-83,-43,-104,-77,-136,-134,-30,-55,-52,-159,-16
65000050009,86,-110,-57,-58,2,-53,-57,-7,-8,-69,-95,-16
65000060020,15,-3,-1,21,13,-20,-24,-15,-58,-46,-37,-16
65000070025,-13,20,-11,6,-39,-16,-22,5,-12,-66,-31,-16
65000070033,68,-37,-14,-1,-8,35,-113,-41,-107,-61,-48,-16
65000090005,-48,6,4,-37,-24,-10,-23,-24,3,-28,-21,-16
65000090014,-16,15,12,-13,-14,-11,-24,-35,-17,-37,-27,-16
65000090022,62,-21,-58,-8,2,-52,-15,-11,-28,-32,-44,-16
65000100004,57,-2,-23,1,-6,-36,-33,-16,2,-25,-61,-16
65000120013,-47,-3,-28,-23,10,-4,-20,-44,-19,-32,-64,-16
65000120027,-11,-10,8,-10,-6,7,10,-4,-6,-19,-9,-16
65000120031,24,-15,-8,6,-18,10,35,2,-8,-28,-47,-16
65000130047,16,-41,28,-56,8,-29,-43,20,-61,-36,-115,-16
65000270010,20,0,0,1,-15,3,-14,-9,-28,-16,-9,-16
65000010027,-21,-48,10,-54,-17,-38,-10,-11,-1,-36,-47,-17
65000020018,-32,-34,21,-24,26,-68,-95,71,-70,-131,-121,-17
65000030046,9,-26,-35,17,72,8,-58,-4,-19,-99,-31,-17
65000040049,-22,-51,-99,-25,-30,7,-46,-33,-11,-64,-98,-17
65000050024,-3,-38,9,-10,-59,-55,4,-60,-24,-37,-34,-17
65000100007,-34,-20,-3,-11,9,-4,-26,-6,-1,-29,-9,-17
65000120014,-19,5,5,-22,-3,-7,-17,9,-32,-8,-23,-17
65000220008,3,6,2,-9,-10,-25,-26,-13,-42,-24,-30,-17
65000220009,-9,-1,-9,-12,-20,-26,5,-15,-33,-12,-13,-17
65000240012,-1,-7,15,-23,2,1,-8,0,-4,1,3,-17
65000010039,-31,-29,-49,-49,-62,-113,-54,-27,-1,-92,-79,-18
65000030079,-26,-12,-24,-69,-40,-44,38,-41,-37,-73,-33,-18
65000050004,-23,-62,-26,-100,-17,-5,5,-1,-48,-77,-80,-18
65000050071,13,-44,27,-53,31,-36,-40,-58,42,-26,-118,-18
65000070004,37,12,0,-49,40,-6,-7,26,1,-48,-75,-18
65000070023,10,51,-7,-31,-18,-8,-1,-14,-30,-13,-17,-18
65000080005,-16,1,-44,8,-18,-2,-1,5,-9,-40,-49,-18
65000130016,16,-8,15,-6,-48,-71,-72,-35,-4,-180,-20,-18
65000190011,14,11,27,31,5,16,8,13,6,0,-3,-18
65000220001,-5,19,6,-10,-1,-20,-45,-16,-30,-17,-19,-18
65000220004,1,-8,-15,-26,-22,-17,-2,-16,-25,-14,-12,-18
65000250010,-1,-2,-4,-30,-24,-3,-7,-20,-20,3,1,-18
65000260005,-1,-21,-6,-23,-1,-2,-21,-22,-11,-30,-5,-18
65000280009,26,30,-4,-11,-6,-8,-13,-9,-2,-12,-38,-18
65000010120,-47,-9,154,21,11,-27,-45,385,207,38,8,-19
65000020060,23,-7,-8,-15,-12,16,26,0,2,-21,-28,-19
65000060049,-22,-32,34,7,-84,-46,-43,-37,-67,-66,-60,-19
65000220007,-10,-7,-8,-10,-6,-9,-9,-14,-11,-5,-29,-19
65000240006,-26,-12,0,-7,-9,-20,-8,-29,-20,-14,-11,-19
65000060039,-4,-15,-36,-13,-4,-49,0,33,-30,-93,-43,-20
65000120019,-15,-27,-15,-10,0,-7,4,-15,-6,-17,-9,-20
65000150010,61,-1,17,16,44,-95,4,10,16,-41,208,-20
65000190002,18,2,-11,14,-8,-8,4,-15,5,-2,-39,-20
65000250004,21,7,-4,-32,7,-18,9,-21,-23,-44,-23,-20
65000250009,-28,-22,-19,-16,-7,-15,-7,-6,-19,-27,-15,-20
65000010097,10,-33,-18,-26,17,-50,-13,-32,-41,-25,-80,-21
65000010105,-26,-60,-4,-42,-53,-13,-41,-13,-97,-90,-99,-21
65000030014,13,-16,8,15,-28,-5,24,48,-54,-89,-8,-21
65000070035,35,-24,17,16,2,-137,20,-16,32,-3,-25,-21
65000120022,-3,-4,14,-14,-5,-11,-3,-3,-13,-20,7,-21
65000150004,29,-50,-15,0,-33,-18,-27,-28,-33,-17,-23,-21
65000160001,-18,-15,-17,-3,31,-32,-44,-12,-18,-14,-11,-21
65000200001,13,-3,-2,2,8,-13,-6,17,-3,-9,2,-21
65000220005,-24,2,-17,-9,-18,-4,-6,-24,-61,-55,-30,-21
65000010034,-59,-56,-27,-28,-34,-16,-104,19,2,-53,-27,-22
65000010050,91,-112,-40,-45,-3,-128,-58,-80,-28,-86,-47,-22
65000010114,-19,-15,7,9,-11,-39,-30,17,1,-40,-90,-22
65000020032,-18,-19,-31,-24,9,-35,42,-49,-36,-17,-52,-22
65000070019,171,-65,-39,-24,-21,-3,-71,-58,29,-65,-125,-22
65000120029,-17,5,16,5,-16,8,-12,1,-11,-7,0,-22
65000120033,-2,13,7,6,8,-11,-22,-11,-2,-27,-35,-22
65000150020,5,18,4,52,51,81,28,63,95,-42,-17,-22
65000170014,0,16,-19,-1,-3,7,26,21,39,7,-24,-22
65000270015,-53,2,-98,5,-41,-45,-60,-18,-32,-52,-48,-22
65000020077,-11,-82,9,-10,-89,19,-21,7,-32,-50,-45,-23
65000020082,10,38,-26,-32,-65,-19,-46,-52,-70,-69,-2,-23
65000050039,39,-18,24,-45,-3,-3,-1,4,-56,-59,-54,-23
65000060004,-165,-8,-42,-52,-5,-16,-58,-55,-91,-62,-58,-23
65000100006,201,-21,-6,-52,-39,-62,8,-69,-57,-53,-76,-23
65000130035,37,-47,-29,-10,-52,-46,15,-49,-57,-113,-45,-23
65000130042,-18,-46,-69,-17,-19,13,-22,31,-23,-37,-86,-23
65000190004,1,7,-2,-11,-20,-31,-11,-11,-36,-19,-30,-23
65000210007,-10,-17,-32,-10,-13,-4,-2,-7,-10,-18,3,-23
65000260003,-30,-8,-33,-2,-26,-34,-25,-22,-24,-26,-25,-23
65000110001,10,0,-29,-23,-13,10,-33,-31,-8,-11,-38,-24
65000200003,-20,7,-27,25,2,5,14,4,11,-33,-45,-24
65000240011,-19,-20,-38,-3,-7,3,-16,-39,-28,-12,-10,-24
65000020111,-148,36,17,-23,-16,-2,51,94,-1,-5,-66,-25
65000060066,31,18,-58,3,33,42,-2,-22,-52,-67,-107,-25
65000100040,-53,-65,-96,-41,-102,-12,-93,-87,-18,-131,-55,-25
65000120006,6,-3,9,-31,-20,-19,-18,10,-2,-7,-18,-25
65000120030,-67,-12,-30,7,-39,-22,-14,-15,-24,-69,-68,-25
65000210008,-4,-17,-3,-22,-14,-23,-3,-32,-17,-9,-17,-25
65000010017,42,-30,33,-59,-34,-69,-77,-21,-97,-76,-62,-26
65000010109,52,33,-18,1,-45,-38,-32,2,40,-49,-15,-26
65000010125,107,19,12,18,3,11,-98,13,-23,-66,-88,-26
65000020110,43,-7,0,-84,-28,75,-74,-65,-62,-40,-58,-26
65000120010,-13,-3,8,-20,-29,-5,-14,14,-14,-53,-31,-26
65000140028,122,264,278,224,102,-37,58,-28,40,-54,-15,-26
65000210011,-1,-14,-13,2,-1,-16,-18,-8,1,-12,0,-26
65000260004,-12,1,11,-7,7,-4,7,-25,-6,-11,-8,-26
65000280008,-97,-26,-12,-19,-12,-10,-4,-5,-5,-10,-13,-26
65000050017,-43,-26,-70,-34,-33,2,-46,31,-114,-55,-83,-27
65000050035,-12,-32,-2,-27,-55,-41,-59,6,-2,0,-39,-27
65000090006,175,-10,-41,3,17,-129,86,-45,-119,-112,-60,-27
65000110045,108,153,42,76,43,23,22,435,285,121,-100,-27
65000190012,8,9,4,11,8,-4,20,1,1,18,-7,-27
65000220002,-1,13,-11,4,0,-39,-35,-56,-31,-42,-25,-27
65000020080,-18,-3,17,13,-22,-48,-64,5,-9,-44,-40,-28
65000040021,-24,-49,-28,-30,-36,-3,-51,-20,-29,-63,-73,-28
65000070018,-64,-78,-108,16,49,-34,-80,-38,1,-31,-60,-28
65000200002,-12,-6,13,11,31,13,47,33,25,-31,-16,-28
65000010091,-16,-1,-15,-49,-8,138,-10,-15,-19,12,-62,-29
65000120028,-10,8,-14,-11,-20,2,-11,-11,3,-22,6,-29
65000260002,11,-11,13,-9,-11,36,1,-32,-19,-8,9,-29
65000270011,-25,-9,-18,16,5,7,-22,-16,-22,-13,-13,-29
65000010083,-33,-59,-36,-21,-2,-29,-44,-16,-60,-89,-70,-30
65000050038,119,173,56,114,105,45,-83,-80,-124,-64,-101,-30
65000050080,11,-6,16,30,10,26,0,-35,4,26,-51,-30
65000070005,51,-36,-81,-29,10,-63,-64,-78,-142,-126,-72,-30
65000090012,-16,3,4,-33,-20,-18,-32,-16,-6,-2,-30,-30
65000140012,15,-38,-13,-70,-38,-19,-44,-3,-23,-22,54,-30
65000210013,-1,-3,-20,-12,-11,-14,-18,-8,-24,9,-1,-30
65000270005,63,-37,25,-21,50,-58,-19,-64,-62,9,-6,-30
65000010019,11,-53,-1,-59,-61,2,-8,-72,-37,-35,-91,-31
65000020048,-9,20,-10,-4,6,-38,-23,-7,-15,-40,-17,-31
65000050025,-57,-42,33,31,-52,-49,-22,-73,-20,-76,-71,-31
65000050028,-20,7,-36,-11,-42,-37,-29,-14,-56,-25,-65,-31
65000100014,-26,-21,-7,4,-19,-10,-14,1,-4,-32,-15,-31
65000120004,10,0,-16,-21,4,-12,12,-16,-63,-25,-28,-31
65000220006,6,-18,-21,-10,-30,-41,-11,-54,-28,-50,-36,-31
65000010126,-28,119,4,-31,-38,-33,-48,-14,0,-30,-46,-32
65000020116,53,29,9,-12,5,-11,-20,8,-74,-28,-55,-32
65000060024,-15,-22,-6,-16,-6,-3,-13,-17,-16,-12,-9,-32
65000060056,116,32,39,92,178,207,121,170,152,-57,-22,-32
65000070003,-26,54,98,-5,19,-13,-40,-55,-127,-29,-93,-32
65000260006,24,-23,-41,-21,11,-35,-42,-61,-27,-50,-38,-32
65000020027,-25,7,-22,-6,-50,15,-6,-21,-13,-1,-7,-33
65000020099,-39,-25,8,-2,-34,-37,-5,-37,-32,2,-105,-33
65000040040,-49,-86,-110,-55,-34,-28,-4,-27,-62,-73,-68,-33
65000060012,-38,-28,2,-39,23,18,9,-5,-31,-70,-56,-33
65000110018,30,25,19,-38,-36,-24,17,-42,22,-13,13,-33
65000130029,26,-24,39,-18,-34,-10,-83,13,-41,-27,-52,-33
65000020084,17,-58,31,-32,-4,6,-70,-79,31,-52,-92,-34
65000070008,-28,-25,-45,-36,-68,-42,-31,-3,-41,-59,-70,-34
65000140032,-37,-69,31,-48,-37,-32,-35,-25,-19,-66,-49,-34
65000150017,-17,35,63,8,-18,47,31,100,98,-1,-41,-34
65000250008,-13,-22,-5,-16,-17,-4,-32,-39,-20,-25,-41,-35
65000010080,44,-29,-36,-40,-107,-151,-85,-92,-7,-78,-8,-36
65000010111,14,-16,-46,6,-19,-37,-20,-54,-20,-100,-37,-36
65000020089,36,-78,-28,19,-36,-112,-74,-28,-106,-102,-73,-36
65000070011,-18,-9,26,41,-28,-72,38,-22,-28,-54,-195,-36
65000110011,-8,10,30,0,1,21,9,-20,-5,11,5,-36
65000120009,-36,-29,-33,-17,-50,-47,-53,-28,-2,-26,-31,-36
65000160007,97,6,43,-4,83,31,-37,87,27,-73,-34,-36
65000010047,10,-51,50,-22,-77,-9,-35,-11,-32,-33,41,-37
65000010069,44,30,-9,29,-33,-12,1,-21,-27,-98,-79,-37
65000050068,-30,25,104,32,-22,12,25,-41,3,-220,-38,-37
65000090019,39,-55,-23,-20,-58,-11,10,-23,-36,-60,-38,-37
65000090024,-12,-47,35,-94,-16,-62,-119,-19,-55,-118,-81,-37
65000120012,6,4,8,10,-18,-8,-56,-50,-13,-41,-95,-37
65000130010,8,80,51,-35,-24,-31,-4,-65,-86,-154,-174,-37
65000030042,20,-13,-43,4,5,-11,-104,-79,-38,-132,-70,-38
65000030091,-58,-6,72,-97,-30,-1,24,-43,0,46,-51,-38
65000090011,-41,-46,-57,-5,-89,-41,-74,-67,-20,-82,-25,-38
65000090021,-24,-41,-6,-35,-5,-26,-11,-31,-41,-19,-38,-38
65000140005,68,-54,-10,-39,-8,-36,37,-77,-20,-14,-64,-38
65000140029,21,-60,-19,-21,48,-42,-48,36,-69,-69,-136,-38
65000010081,-9,-27,-6,-31,-26,-3,-3,-43,-79,-104,-28,-39
65000010090,28,-16,-23,19,-62,-63,-18,-27,-45,-58,-119,-39
65000020079,2,-13,2,8,-44,-19,-29,22,4,-48,-41,-39
65000050069,53,3,-28,-48,-36,2,-46,35,20,-21,-75,-39
65000140018,1,-21,13,-15,22,-24,-45,15,-26,0,-84,-39
65000010066,-70,-35,-67,-22,-99,-39,-2,35,47,-36,-62,-40
65000010098,110,18,-47,-42,15,19,-54,-89,6,-113,-96,-40
65000040012,16,-33,-7,-85,-7,8,62,102,90,-42,-24,-40
65000050008,-20,27,30,-31,-22,1,-70,-7,-51,-117,-73,-40
65000050037,20,16,-49,-2,-38,4,-16,-4,-74,-83,-75,-40
65000220003,-4,-10,12,-10,-38,-29,-42,-73,-93,-68,-38,-41
65000250007,-5,-16,5,-8,-10,-13,5,-10,-1,-2,58,-41
65000260001,-8,-11,-19,-20,3,-20,-35,-9,-35,-26,-40,-41
65000010052,-51,-17,6,-6,-4,-23,-34,-18,-34,-78,-21,-42
65000020107,-58,15,-45,-51,-18,-5,-1,-21,32,-40,25,-42
65000030089,22,-66,-50,-1,-14,-19,3,-11,-33,-81,-79,-42
65000090025,107,-60,-1,-20,-84,31,-50,-10,-8,-50,-38,-42
65000140033,-10,-32,26,-10,2,-4,-39,-3,-13,-16,-41,-42
65000020112,-56,31,-13,22,-32,-61,-73,-23,-60,-36,-51,-43
65000030058,-77,-46,-37,13,28,75,19,2,1,-8,-41,-43
65000050045,206,6,32,-40,-24,-28,-62,-34,-70,-106,-82,-43
65000060017,13,17,33,37,-117,-15,-46,-56,-69,-128,-125,-43
65000050082,62,15,-27,-9,-6,-46,-31,-16,-8,-24,-82,-44
65000070001,32,-16,-21,63,34,-39,-10,-31,-62,-120,-36,-44
65000120008,-11,13,-1,-18,-15,-5,-28,-14,-18,-18,-28,-44
65000210002,26,6,40,28,95,0,-22,11,-34,-55,-41,-44
65000230009,-44,4,52,18,26,31,21,26,4,-36,-7,-44
65000270004,-3,-11,9,-15,-8,-21,-31,-60,-38,-36,-40,-44
65000020113,-2,13,-14,4,17,-36,7,-29,-25,-106,-69,-46
65000140034,-31,-49,4,34,31,15,-32,-24,12,-63,-63,-46
65000150008,-20,-7,32,1,-30,-9,-5,-12,-78,-61,-12,-46
65000010043,55,-36,-33,-21,-37,-26,-53,-60,-38,-93,-52,-47
65000010106,-80,-51,67,-49,-45,-46,-23,-14,-78,-73,-61,-47
65000020049,12,-19,-28,8,-14,-28,-4,8,-6,-47,-48,-47
65000030059,-2,8,7,-59,-40,-19,-64,-50,-60,-121,-60,-47
65000010049,-25,-30,-73,10,-38,-16,-17,-12,51,-13,-8,-48
65000160004,-19,-34,26,-30,-17,-24,-6,-26,-28,-48,-57,-48
65000170006,10,14,10,-10,-22,-43,-39,21,-7,-42,-28,-48
65000010036,-2,3,-36,-20,11,-68,27,-42,-29,3,-55,-49
65000050074,57,-51,38,13,-17,37,-69,-58,-46,2,-45,-49
65000130018,29,-40,0,22,-64,-11,-107,-3,33,-81,-59,-49
65000050055,-7,-56,-81,-56,-30,3,-12,66,-102,-48,-15,-50
65000120007,-46,-27,-39,-33,-6,-24,-60,-59,-49,6,-83,-50
65000020102,0,-70,21,-36,2,-38,-65,-11,14,-20,-22,-51
65000130013,-18,-72,0,-48,-12,-12,-59,-23,-118,145,-30,-51
65000020015,65,19,3,-39,-38,-23,5,-62,-12,-38,-55,-52
65000140010,6,-35,-31,-27,-41,-36,-41,-15,-12,-34,-64,-52
65000020119,-13,-8,33,-46,10,-4,14,-32,-36,-69,-23,-53
65000030064,-46,-29,-23,-67,-8,-55,-53,59,-54,-85,-86,-53
65000280004,16,4,43,-26,-23,-41,-31,-43,-25,-41,-52,-54
65000080007,49,45,47,-35,-113,-109,-31,-51,-32,-35,14,-55
65000010040,-98,7,-90,-58,-53,-17,-31,-5,-29,-47,-77,-56
65000050029,4,6,-61,-35,-6,2,-21,27,-46,-100,-57,-56
65000020081,30,-31,-10,-33,15,-19,-9,8,-51,-5,-24,-57
65000020017,-39,-24,84,77,63,-34,-87,24,-68,-60,-76,-58
65000160014,-1,-8,-20,-18,-67,-65,-5,-39,-86,-30,-27,-58
65000080018,80,-3,0,-108,-65,-115,-144,-60,-13,-139,-56,-59
65000070010,-13,1,-89,-56,-49,-57,-22,-42,-13,-44,-91,-60
65000170001,0,-19,-50,-96,-14,-58,-84,-102,-85,-62,-139,-60
65000020052,15,9,-9,-9,-10,86,-13,-20,22,4,23,-61
65000050033,-31,-91,-26,12,-42,-37,49,-28,-47,-47,-39,-61
65000130041,5,-36,-21,-45,-11,-13,-18,11,-2,-39,-37,-61
65000260008,-43,-7,-55,-54,-57,-28,-59,-19,-41,-39,-45,-61
65000050034,47,44,-55,4,-44,42,-53,-56,-59,-41,-100,-62
65000080008,-71,-50,-35,-144,-61,-135,-201,-35,-122,-81,-129,-63
65000050006,-73,-53,13,-2,-61,-37,-36,-1,-35,-25,-102,-64
65000050011,40,-107,-31,32,-47,-64,-21,0,59,87,-40,-64
65000130034,72,2,-7,-84,-32,-57,-22,-18,5,-48,-94,-64
65000070032,11,67,19,-13,2,-46,24,70,58,-35,-15,-66
65000090010,-82,-17,-17,-60,-32,-36,-32,17,23,-71,-69,-66
65000160010,15,-14,-52,-21,40,-64,4,0,6,8,6,-66
65000070002,23,68,-42,-57,-21,-80,-49,-4,-47,-36,-81,-68
65000010102,-52,3,25,18,-13,29,-44,-10,-71,-74,-55,-69
65000050047,-31,-72,-2,-48,-33,-84,-20,-57,-97,46,-43,-69
65000140009,87,16,-71,45,-28,21,-26,68,-50,-100,-124,-70
65000020114,8,-91,-44,-32,105,-13,-65,-71,-63,-39,-73,-71
65000050020,-39,-23,-2,-14,21,-38,-8,8,-43,-58,10,-74
65000010016,-30,43,-51,-23,-15,9,-40,26,-74,-43,-94,-76
65000010124,230,24,80,23,-24,74,-152,-33,-4,-199,-156,-77
65000020091,46,61,17,-74,-44,-32,-81,-61,34,-67,-83,-77
65000130017,35,-57,38,-3,-33,-27,-211,58,-97,-49,-127,-77
65000140021,19,-14,-41,-49,34,-26,111,-21,61,-131,-122,-78
65000050031,-29,11,-81,-38,-12,-46,-92,-25,-106,-68,-66,-79
65000020087,-35,-69,-21,-59,-47,-68,-75,8,-63,-66,-145,-81
65000130019,7,18,-37,66,-20,-63,27,-5,-48,-45,-60,-82
65000010119,-28,6,-51,-31,-8,3,7,-2,-1,-8,-83,-84
65000070014,-44,-45,19,94,3,18,7,-14,7,-33,-80,-92
65000010037,162,8,64,-88,25,-11,-4,10,-161,-82,-117,-95
65000280001,97,10,-5,11,-30,-77,-67,-1,-48,-66,-43,-96
65000050032,0,58,11,8,22,-17,15,-19,-25,-112,6,-99
65000080019,11,14,38,-110,-54,-60,-90,-75,-82,-47,-57,-105
65000130001,23,136,-41,45,15,33,-18,117,41,-68,-29,-123
65000050030,-44,-27,-46,19,36,-57,-75,24,-129,-122,-98,-143